{
    "coverImageFilename": "cover.png",
    "icon": "cover.png",
    "components": [
        {
            "type": "FileCopyMod",
            "sourceFileName": "ThinBoiV2 Glow.qsaber",
            "targetRootedPathAndFileName": "/sdcard/Qosmetics/sabers/testSaber.qsaber"
        }
    ],
    "version": "1.0.0",
    "links": {
        "pageLink": ""
    },
    "description": [
        "A Thin Saber With A Custom Trail And Reflective Handle"
    ],
    "gameVersion": "1.13.0",
    "platform": "Quest",
    "id": "ThinBoiV2GlowRogueVRV1.0.0",
    "name": "ThinBoiV2 Glow",
    "author": "RogueVR",
    "category": "Saber"
}