{
    "coverImageFilename": "cover.png",
    "icon": "cover.png",
    "components": [
        {
            "type": "FileCopyMod",
            "sourceFileName": "Remastered Defaults.qsaber",
            "targetRootedPathAndFileName": "/sdcard/Qosmetics/sabers/testSaber.qsaber"
        }
    ],
    "version": "1.0.0",
    "links": {
        "pageLink": ""
    },
    "description": [
        "A reimagining of the standard sabers"
    ],
    "gameVersion": "1.13.0",
    "platform": "Quest",
    "id": "RemasteredDefaultsMaroonOut9V1.0.0",
    "name": "Remastered Defaults",
    "author": "MaroonOut9",
    "category": "Saber"
}