{
    "coverImageFilename": "cover.png",
    "icon": "cover.png",
    "components": [
        {
            "type": "FileCopyMod",
            "sourceFileName": "MechaSaber.qsaber",
            "targetRootedPathAndFileName": "/sdcard/Qosmetics/sabers/testSaber.qsaber"
        }
    ],
    "version": "0.1",
    "links": {
        "pageLink": ""
    },
    "description": [
        "hit bloq, be good"
    ],
    "gameVersion": "1.13.2",
    "platform": "Quest",
    "id": "MechaSaberossocoreV0.1",
    "name": "MechaSaber",
    "author": "ossocore",
    "category": "Saber"
}