{
    "coverImageFilename": "cover.png",
    "icon": "cover.png",
    "components": [
        {
            "type": "FileCopyMod",
            "sourceFileName": "AVeryBasicStik.qsaber",
            "targetRootedPathAndFileName": "/sdcard/Qosmetics/sabers/testSaber.qsaber"
        }
    ],
    "version": "1.0.0",
    "links": {
        "pageLink": ""
    },
    "description": [
        "its very basic. give it a try."
    ],
    "gameVersion": "1.13.0",
    "platform": "Quest",
    "id": "AVeryBasicStikKentrosV1.0.0",
    "name": "AVeryBasicStik",
    "author": "Kentros",
    "category": "Saber"
}