{
    "coverImageFilename": "cover.png",
    "icon": "cover.png",
    "components": [
        {
            "type": "FileCopyMod",
            "sourceFileName": "Crystal.qsaber",
            "targetRootedPathAndFileName": "/sdcard/Qosmetics/sabers/testSaber.qsaber"
        }
    ],
    "version": "1.0.0",
    "links": {
        "pageLink": ""
    },
    "description": [
        "Crystal Saber Made By Fluffles Ported By I_UKE"
    ],
    "gameVersion": "1.13.0",
    "platform": "Quest",
    "id": "CrystalI_UKEV1.0.0",
    "name": "Crystal",
    "author": "I_UKE",
    "category": "Saber"
}